Title,Company,Location
SQL Developer,SQL Developer,"SDH Systems
Remote"
Sr. Python Developer,Sr. Python Developer,"CIGNEX Datamatics
Remote"
"Big Data Developer Java, Python, and SQL Remote-USA Wide","Big Data Developer Java, Python, and SQL Remote-USA Wide","RELX
Remote"
Python Developer (supporting NOAA),Python Developer (supporting NOAA),"ASRC Federal
Remote"
Senior Back End Python Developer,Senior Back End Python Developer,"DMI
Remote"
Python/React Web Developer / Information Technologist I,Python/React Web Developer / Information Technologist I,"Michigan State University
Remote in East Lansing, MI"
Senior Python & Vue.js Developer,Senior Python & Vue.js Developer,"Advancio
Remote"
Senior Python Developer,Senior Python Developer,"Data Pro Software Solutions
Remote"
Python Engineer w/ RFID,Python Engineer w/ RFID,"Intone Networks
Remote"
Python Developer,Python Developer,"Aktra
Remote in Reston, VA"
Jr Software Developer- Remote,Jr Software Developer- Remote,"Lux Consulting Group Inc.
Remote"
"Software Engineer (Python), Data Platform","Software Engineer (Python), Data Platform","Doximity
Remote in Arizona City, AZ"
Back End Python Engineer,Back End Python Engineer,"Assetario
Remote"
FULL REMOTE - Back-end Engineer - Python Developer,FULL REMOTE - Back-end Engineer - Python Developer,"Ghostpunch Games
Remote in Brazil, IN"
Python Developer (SAS Experience) - Remote,Python Developer (SAS Experience) - Remote,"KATMAI
Remote in Washington, DC 20001"
Data Engineer III - Python/AIML,Data Engineer III - Python/AIML,"JPMorganChase
Jersey City, NJ"
Python Developer - Risk Technology,Python Developer - Risk Technology,"Sumitomo Mitsui Banking Corporation
Jersey City, NJ 07311"
Python/C# Developer/SQL,Python/C# Developer/SQL,"Intone Networks
New York, NY 11211"
Python Sr Developer,Python Sr Developer,"Inclusion Cloud
Dallas, TX"
Senior Snowflake & Python Developer,Senior Snowflake & Python Developer,"High5
Jersey City, NJ"
Python/SQL Developer,Python/SQL Developer,"IDM People
Township of Hamilton, NJ 08619"
Entry-Level Python Developer,Entry-Level Python Developer,"Cortrucent Security
Gibbsboro, NJ"
Sr. Python Developer,Sr. Python Developer,"Photon
Irving, TX"
Python AWS Developer,Python AWS Developer,"Intone Networks
Malvern, PA"
Senior Back End Python Developer,Senior Back End Python Developer,"DMI
Remote"
Senior Python Developer,Senior Python Developer,"Data Pro Software Solutions
Remote"
Python Support Engineer/Developer,Python Support Engineer/Developer,"Eclerx
New York, NY"
Python Engineer,Python Engineer,"Millennium Management
New York, NY"
Python Developer (supporting NOAA),Python Developer (supporting NOAA),"ASRC Federal
Remote"
Full stack Python Developer,Full stack Python Developer,"Tek Ninjas
Houston, TX 77002"
