Title,Company,Location
"Big Data Developer Java, Python, and SQL Remote-USA Wide","Big Data Developer Java, Python, and SQL Remote-USA Wide","RELX
Remote"
Jr Software Developer- Remote,Jr Software Developer- Remote,"Lux Consulting Group Inc.
Remote"
FULL REMOTE - Back-end Engineer - Python Developer,FULL REMOTE - Back-end Engineer - Python Developer,"Ghostpunch Games
Remote in Brazil, IN"
Python Developer (SAS Experience) - Remote,Python Developer (SAS Experience) - Remote,"KATMAI
Remote in Washington, DC 20001"
